,x1,x2,label
0,1.46,2600.0,0.0
1,21.6,2500.0,0.0
2,12.6,3200.0,0.0
3,6.31,2600.0,0.0
4,-3.39,3300.0,0.0
5,-2.2,2800.0,0.0
6,21.1,2700.0,0.0
7,14.9,2800.0,0.0
8,-5.76,2500.0,0.0
9,-3.94,3000.0,0.0
10,9.79,2900.0,0.0
11,10.7,3100.0,0.0
12,-8.91,2900.0,0.0
13,-0.912,2600.0,0.0
14,15.3,2900.0,0.0
15,1.29,3100.0,0.0
16,-1.0,2800.0,0.0
17,-3.1,2800.0,0.0
18,-14.1,2800.0,0.0
19,-2.76,2400.0,0.0
20,3.47,2800.0,0.0
21,-8.26,2900.0,0.0
22,8.07,2700.0,0.0
23,-5.76,2700.0,0.0
24,-2.08,2700.0,0.0
25,-11.3,2700.0,0.0
26,-8.83,2500.0,0.0
27,14.2,3200.0,0.0
28,-6.77,2800.0,0.0
29,2.31,2700.0,0.0
30,-3.73,3300.0,0.0
31,-3.04,2300.0,0.0
32,7.45,2700.0,0.0
33,0.9059999999999999,3200.0,0.0
34,12.8,3000.0,0.0
35,5.9,2800.0,0.0
36,-4.8,3000.0,0.0
37,-13.5,3000.0,0.0
38,-4.32,2900.0,0.0
39,4.56,2700.0,0.0
40,8.49,2900.0,0.0
41,-1.5,2600.0,0.0
42,0.36700000000000005,2800.0,0.0
43,5.13,3000.0,0.0
44,15.1,2800.0,0.0
45,-6.99,3200.0,0.0
46,16.1,2700.0,0.0
47,-4.62,3400.0,0.0
48,-16.4,2800.0,0.0
49,8.27,3200.0,0.0
50,4.31,2900.0,0.0
51,2.7,2900.0,0.0
52,-8.38,2700.0,0.0
53,-4.0,2600.0,0.0
54,4.77,2800.0,0.0
55,8.19,2800.0,0.0
56,4.86,2600.0,0.0
57,20.2,2800.0,0.0
58,-3.99,3000.0,0.0
59,8.65,3200.0,0.0
60,13.0,2900.0,0.0
61,-7.31,3000.0,0.0
62,-0.33399999999999996,2900.0,0.0
63,3.69,2700.0,0.0
64,-3.84,3700.0,0.0
65,0.853,2500.0,0.0
66,-10.8,2600.0,0.0
67,5.85,2600.0,0.0
68,-16.2,2500.0,0.0
69,7.2,2900.0,0.0
70,-2.51,3300.0,0.0
71,-1.74,3200.0,0.0
72,-0.892,2800.0,0.0
73,5.15,3400.0,0.0
74,7.16,3000.0,0.0
75,15.8,3200.0,0.0
76,-7.01,2600.0,0.0
77,12.5,3300.0,0.0
78,15.6,2700.0,0.0
79,11.4,3000.0,0.0
80,-0.23800000000000002,3500.0,0.0
81,-1.82,2800.0,0.0
82,19.5,3100.0,0.0
83,9.45,2600.0,0.0
84,-4.39,2900.0,0.0
85,-0.447,3100.0,0.0
86,3.51,2900.0,0.0
87,0.64,2600.0,0.0
88,-12.8,2200.0,0.0
89,0.0975,2800.0,0.0
90,-10.9,2700.0,0.0
91,0.799,2700.0,0.0
92,14.2,2900.0,0.0
93,29.0,3300.0,0.0
94,-8.57,2800.0,0.0
95,-6.39,2800.0,0.0
96,9.98,3100.0,0.0
97,5.15,3400.0,0.0
98,13.7,2200.0,0.0
99,-1.73,2800.0,0.0
100,270.6,75.8,1.0
101,288.4,52.1,1.0
102,284.8,72.5,1.0
103,284.5,70.7,1.0
104,283.5,41.7,1.0
105,278.1,47.5,1.0
106,287.0,39.0,1.0
107,286.0,61.5,1.0
108,276.2,57.9,1.0
109,294.7,79.9,1.0
110,279.2,68.1,1.0
111,294.0,102.0,1.0
112,294.0,78.2,1.0
113,261.1,64.8,1.0
114,272.0,109.0,1.0
115,298.3,106.0,1.0
116,288.2,71.6,1.0
117,283.3,35.6,1.0
118,278.3,39.7,1.0
119,298.2,75.9,1.0
120,303.6,32.6,1.0
121,273.2,27.2,1.0
122,255.4,96.4,1.0
123,280.2,44.2,1.0
124,287.7,55.8,1.0
125,274.5,42.7,1.0
126,286.8,24.2,1.0
127,272.8,40.4,1.0
128,291.2,102.0,1.0
129,294.9,68.7,1.0
130,301.3,8.6,1.0
131,273.2,53.0,1.0
132,298.2,47.3,1.0
133,278.0,19.2,1.0
134,291.4,47.3,1.0
135,289.9,68.0,1.0
136,279.7,104.0,1.0
137,275.3,77.7,1.0
138,289.5,91.9,1.0
139,252.5,48.2,1.0
140,291.1,91.5,1.0
141,293.5,104.0,1.0
142,288.4,42.7,1.0
143,288.9,73.6,1.0
144,289.0,26.2,1.0
145,278.1,87.8,1.0
146,280.5,107.0,1.0
147,288.6,65.5,1.0
148,275.5,61.8,1.0
149,291.2,88.3,1.0
150,297.1,90.9,1.0
151,294.3,46.7,1.0
152,276.7,90.1,1.0
153,288.3,64.5,1.0
154,282.0,32.7,1.0
155,272.2,87.7,1.0
156,269.7,57.9,1.0
157,290.7,75.1,1.0
158,285.0,45.2,1.0
159,290.2,58.1,1.0
160,272.8,78.2,1.0
161,288.1,25.5,1.0
162,292.2,53.8,1.0
163,290.4,40.4,1.0
164,284.1,21.4,1.0
165,258.5,17.1,1.0
166,296.5,66.5,1.0
167,280.0,63.7,1.0
168,273.3,82.6,1.0
169,279.1,46.3,1.0
170,288.6,65.9,1.0
171,275.5,41.7,1.0
172,284.4,51.7,1.0
173,273.7,31.8,1.0
174,287.8,75.6,1.0
175,268.0,74.5,1.0
176,274.3,129.0,1.0
177,287.7,29.4,1.0
178,291.5,38.1,1.0
179,278.6,51.0,1.0
180,297.5,70.9,1.0
181,287.4,97.0,1.0
182,283.9,151.0,1.0
183,274.9,99.7,1.0
184,297.2,64.5,1.0
185,281.1,68.8,1.0
186,278.6,61.5,1.0
187,289.7,41.5,1.0
188,284.1,83.5,1.0
189,294.3,86.0,1.0
190,273.8,66.9,1.0
191,280.8,56.3,1.0
192,279.6,90.3,1.0
193,281.3,48.1,1.0
194,272.3,73.7,1.0
195,290.4,74.8,1.0
196,289.0,82.4,1.0
197,290.0,55.3,1.0
198,293.0,73.6,1.0
199,302.1,76.4,1.0
200,-1.23,1800.0,2.0
201,11.3,1700.0,2.0
202,14.6,1800.0,2.0
203,6.59,1800.0,2.0
204,4.6,1900.0,2.0
205,6.47,1800.0,2.0
206,3.93,1800.0,2.0
207,13.5,2000.0,2.0
208,5.88,1800.0,2.0
209,11.6,1900.0,2.0
210,1.43,1700.0,2.0
211,9.57,1800.0,2.0
212,1.3,1700.0,2.0
213,9.62,1800.0,2.0
214,6.18,1800.0,2.0
215,0.87,1800.0,2.0
216,3.24,1800.0,2.0
217,11.9,1900.0,2.0
218,12.0,1900.0,2.0
219,-1.68,1700.0,2.0
220,12.3,1800.0,2.0
221,-1.54,1800.0,2.0
222,-0.91,1700.0,2.0
223,6.57,1900.0,2.0
224,-0.884,1600.0,2.0
225,9.98,1900.0,2.0
226,8.81,1900.0,2.0
227,5.23,1800.0,2.0
228,0.747,1800.0,2.0
229,6.43,1700.0,2.0
230,0.145,1600.0,2.0
231,5.03,2000.0,2.0
232,-5.82,1800.0,2.0
233,-1.19,1700.0,2.0
234,5.09,1800.0,2.0
235,10.2,1600.0,2.0
236,17.3,1700.0,2.0
237,-7.53,2000.0,2.0
238,12.5,1800.0,2.0
239,7.42,1600.0,2.0
240,6.78,1600.0,2.0
241,3.22,1900.0,2.0
242,11.8,1900.0,2.0
243,12.4,1800.0,2.0
244,12.0,1800.0,2.0
245,4.06,1800.0,2.0
246,0.473,1700.0,2.0
247,7.54,2000.0,2.0
248,6.01,1800.0,2.0
249,7.46,1700.0,2.0
250,0.16399999999999998,1700.0,2.0
251,8.31,1500.0,2.0
252,6.27,1600.0,2.0
253,6.96,1900.0,2.0
254,3.67,2000.0,2.0
255,5.54,1600.0,2.0
256,11.0,1700.0,2.0
257,6.91,1800.0,2.0
258,10.2,1600.0,2.0
259,-2.85,1900.0,2.0
260,12.3,2000.0,2.0
261,9.81,1500.0,2.0
262,4.56,1700.0,2.0
263,0.321,1800.0,2.0
264,-1.25,1700.0,2.0
265,8.07,1700.0,2.0
266,9.69,1700.0,2.0
267,12.4,1600.0,2.0
268,11.3,1700.0,2.0
269,1.8,1900.0,2.0
270,2.4,1700.0,2.0
271,5.96,1700.0,2.0
272,7.65,1600.0,2.0
273,1.18,1600.0,2.0
274,4.86,1900.0,2.0
275,6.2,1800.0,2.0
276,10.3,1900.0,2.0
277,12.7,1900.0,2.0
278,7.48,1900.0,2.0
279,5.16,1600.0,2.0
280,11.3,1900.0,2.0
281,1.26,1900.0,2.0
282,1.55,2000.0,2.0
283,2.82,1700.0,2.0
284,8.59,1800.0,2.0
285,7.07,1900.0,2.0
286,0.109,1800.0,2.0
287,6.02,1700.0,2.0
288,3.97,2200.0,2.0
289,-1.48,1800.0,2.0
290,8.64,1700.0,2.0
291,7.48,1800.0,2.0
292,7.81,1700.0,2.0
293,2.05,1800.0,2.0
294,0.86,2000.0,2.0
295,7.65,1800.0,2.0
296,11.9,1900.0,2.0
297,1.91,1700.0,2.0
298,8.29,1900.0,2.0
299,2.9,1800.0,2.0
300,17.7,170.0,3.0
301,21.3,91.0,3.0
302,21.1,74.0,3.0
303,23.8,130.0,3.0
304,15.7,72.0,3.0
305,18.6,120.0,3.0
306,18.9,110.0,3.0
307,25.9,96.0,3.0
308,22.3,130.0,3.0
309,24.1,94.0,3.0
310,19.9,120.0,3.0
311,20.1,72.0,3.0
312,23.2,62.0,3.0
313,16.2,31.0,3.0
314,16.4,73.0,3.0
315,22.4,28.0,3.0
316,20.1,85.0,3.0
317,20.0,99.0,3.0
318,15.3,100.0,3.0
319,27.1,76.0,3.0
320,22.3,68.0,3.0
321,21.2,170.0,3.0
322,18.7,170.0,3.0
323,23.3,120.0,3.0
324,23.3,160.0,3.0
325,20.1,41.0,3.0
326,20.8,130.0,3.0
327,21.8,100.0,3.0
328,14.5,180.0,3.0
329,21.0,65.0,3.0
330,20.9,120.0,3.0
331,15.3,94.0,3.0
332,20.8,130.0,3.0
333,19.9,77.0,3.0
334,26.1,100.0,3.0
335,22.5,92.0,3.0
336,27.8,110.0,3.0
337,11.7,150.0,3.0
338,20.0,110.0,3.0
339,15.6,150.0,3.0
340,21.6,94.0,3.0
341,26.5,200.0,3.0
342,18.4,170.0,3.0
343,22.7,87.0,3.0
344,17.1,180.0,3.0
345,14.9,21.0,3.0
346,17.4,-2.7,3.0
347,24.6,99.0,3.0
348,12.8,77.0,3.0
349,14.1,170.0,3.0
350,23.6,100.0,3.0
351,16.9,110.0,3.0
352,17.6,63.0,3.0
353,13.0,97.0,3.0
354,24.3,63.0,3.0
355,18.8,83.0,3.0
356,19.9,110.0,3.0
357,13.0,100.0,3.0
358,18.9,85.0,3.0
359,22.0,28.0,3.0
360,17.8,160.0,3.0
361,19.1,230.0,3.0
362,21.9,6.3,3.0
363,26.9,170.0,3.0
364,24.5,130.0,3.0
365,17.7,150.0,3.0
366,19.9,120.0,3.0
367,17.1,120.0,3.0
368,21.6,120.0,3.0
369,24.6,85.0,3.0
370,15.5,130.0,3.0
371,17.9,27.0,3.0
372,19.5,75.0,3.0
373,13.9,60.0,3.0
374,26.3,160.0,3.0
375,21.2,110.0,3.0
376,22.1,89.0,3.0
377,19.1,110.0,3.0
378,21.1,72.0,3.0
379,17.7,180.0,3.0
380,26.4,120.0,3.0
381,22.7,120.0,3.0
382,20.8,160.0,3.0
383,18.9,210.0,3.0
384,18.3,110.0,3.0
385,20.0,13.0,3.0
386,19.2,180.0,3.0
387,19.0,100.0,3.0
388,27.8,120.0,3.0
389,22.9,140.0,3.0
390,24.4,130.0,3.0
391,20.7,83.0,3.0
392,17.8,100.0,3.0
393,22.0,48.0,3.0
394,15.8,82.0,3.0
395,13.9,170.0,3.0
396,19.5,180.0,3.0
397,26.3,57.0,3.0
398,22.6,64.0,3.0
399,17.3,87.0,3.0
400,117.6,1090.0,4.0
401,105.8,1040.0,4.0
402,113.0,1070.0,4.0
403,117.2,1040.0,4.0
404,111.1,1030.0,4.0
405,109.3,1270.0,4.0
406,96.01,1120.0,4.0
407,90.35,1140.0,4.0
408,124.7,975.0,4.0
409,114.9,1190.0,4.0
410,113.6,890.0,4.0
411,115.3,763.0,4.0
412,119.4,1050.0,4.0
413,102.9,1020.0,4.0
414,108.4,1160.0,4.0
415,105.4,1040.0,4.0
416,100.8,1270.0,4.0
417,97.29,1120.0,4.0
418,106.9,1240.0,4.0
419,130.3,1260.0,4.0
420,107.5,1040.0,4.0
421,111.2,1090.0,4.0
422,126.2,1160.0,4.0
423,113.6,957.0,4.0
424,106.8,1180.0,4.0
425,126.3,996.0,4.0
426,112.7,1180.0,4.0
427,101.5,1080.0,4.0
428,128.2,1140.0,4.0
429,104.7,1040.0,4.0
430,100.5,948.0,4.0
431,101.3,1220.0,4.0
432,134.0,1010.0,4.0
433,98.88,1140.0,4.0
434,116.3,1030.0,4.0
435,112.0,1190.0,4.0
436,115.8,1220.0,4.0
437,114.1,1170.0,4.0
438,108.4,1090.0,4.0
439,119.9,1160.0,4.0
440,119.0,968.0,4.0
441,119.4,1210.0,4.0
442,117.6,1040.0,4.0
443,115.8,1420.0,4.0
444,107.8,1140.0,4.0
445,113.6,1040.0,4.0
446,114.9,962.0,4.0
447,133.4,1020.0,4.0
448,126.1,843.0,4.0
449,127.9,892.0,4.0
450,119.8,1290.0,4.0
451,125.0,1100.0,4.0
452,119.6,1180.0,4.0
453,141.9,1060.0,4.0
454,100.1,1200.0,4.0
455,107.0,1280.0,4.0
456,116.5,1080.0,4.0
457,95.27,1090.0,4.0
458,113.4,1030.0,4.0
459,119.0,1190.0,4.0
460,113.3,1300.0,4.0
461,105.5,1220.0,4.0
462,138.5,1200.0,4.0
463,116.5,999.0,4.0
464,103.6,1050.0,4.0
465,106.4,1120.0,4.0
466,113.0,1110.0,4.0
467,128.7,920.0,4.0
468,105.2,1050.0,4.0
469,94.7,970.0,4.0
470,119.4,1200.0,4.0
471,110.8,1020.0,4.0
472,117.8,992.0,4.0
473,109.5,1040.0,4.0
474,110.4,1230.0,4.0
475,111.4,1200.0,4.0
476,122.4,1130.0,4.0
477,111.8,851.0,4.0
478,116.7,1110.0,4.0
479,114.3,960.0,4.0
480,118.6,1070.0,4.0
481,125.1,1140.0,4.0
482,111.7,1150.0,4.0
483,104.4,1130.0,4.0
484,114.1,1100.0,4.0
485,111.5,1140.0,4.0
486,117.6,1220.0,4.0
487,102.4,1120.0,4.0
488,122.2,1070.0,4.0
489,116.6,1150.0,4.0
490,108.6,974.0,4.0
491,130.1,1140.0,4.0
492,132.6,1040.0,4.0
493,111.4,915.0,4.0
494,125.6,983.0,4.0
495,100.4,1140.0,4.0
496,109.8,933.0,4.0
497,114.7,1010.0,4.0
498,111.3,1240.0,4.0
499,118.7,936.0,4.0
500,206.2,190.0,5.0
501,183.0,220.0,5.0
502,188.0,200.0,5.0
503,167.3,240.0,5.0
504,181.2,230.0,5.0
505,176.4,270.0,5.0
506,173.5,270.0,5.0
507,162.1,210.0,5.0
508,185.3,200.0,5.0
509,178.1,270.0,5.0
510,179.2,250.0,5.0
511,175.9,230.0,5.0
512,178.4,280.0,5.0
513,148.3,240.0,5.0
514,178.1,230.0,5.0
515,194.2,270.0,5.0
516,169.8,220.0,5.0
517,180.0,210.0,5.0
518,195.5,260.0,5.0
519,170.7,230.0,5.0
520,184.9,170.0,5.0
521,185.7,220.0,5.0
522,170.9,250.0,5.0
523,180.4,180.0,5.0
524,177.3,240.0,5.0
525,167.5,200.0,5.0
526,179.1,200.0,5.0
527,174.7,240.0,5.0
528,176.7,190.0,5.0
529,174.3,170.0,5.0
530,169.0,200.0,5.0
531,170.1,180.0,5.0
532,188.6,220.0,5.0
533,181.2,250.0,5.0
534,184.2,230.0,5.0
535,159.0,220.0,5.0
536,189.3,240.0,5.0
537,158.8,230.0,5.0
538,181.5,200.0,5.0
539,179.1,230.0,5.0
540,165.3,150.0,5.0
541,161.1,230.0,5.0
542,178.6,240.0,5.0
543,167.2,210.0,5.0
544,183.8,250.0,5.0
545,197.6,250.0,5.0
546,186.0,210.0,5.0
547,188.8,200.0,5.0
548,180.3,220.0,5.0
549,159.3,230.0,5.0
550,184.2,240.0,5.0
551,173.2,240.0,5.0
552,169.4,240.0,5.0
553,189.9,170.0,5.0
554,174.5,200.0,5.0
555,164.9,250.0,5.0
556,188.8,290.0,5.0
557,188.2,210.0,5.0
558,162.5,250.0,5.0
559,181.9,240.0,5.0
560,176.8,220.0,5.0
561,179.8,210.0,5.0
562,192.5,170.0,5.0
563,169.2,220.0,5.0
564,165.7,190.0,5.0
565,179.1,210.0,5.0
566,168.5,230.0,5.0
567,159.4,230.0,5.0
568,187.7,200.0,5.0
569,186.3,260.0,5.0
570,187.8,160.0,5.0
571,167.1,280.0,5.0
572,177.1,160.0,5.0
573,170.8,180.0,5.0
574,182.2,200.0,5.0
575,189.4,260.0,5.0
576,178.8,210.0,5.0
577,180.1,230.0,5.0
578,186.3,220.0,5.0
579,191.2,210.0,5.0
580,184.6,210.0,5.0
581,170.8,150.0,5.0
582,170.5,260.0,5.0
583,178.8,200.0,5.0
584,162.0,240.0,5.0
585,195.4,210.0,5.0
586,182.8,220.0,5.0
587,199.7,240.0,5.0
588,168.4,190.0,5.0
589,173.4,230.0,5.0
590,173.2,210.0,5.0
591,157.3,220.0,5.0
592,177.5,210.0,5.0
593,185.5,170.0,5.0
594,173.5,230.0,5.0
595,168.7,310.0,5.0
596,172.7,250.0,5.0
597,168.2,180.0,5.0
598,167.4,210.0,5.0
599,176.6,210.0,5.0
600,231.65,43.001999999999995,6.0
601,238.03,36.639,6.0
602,228.46,28.888,6.0
603,231.04,29.336,6.0
604,235.15,43.292,6.0
605,237.79,37.315,6.0
606,239.61,30.64,6.0
607,232.7,23.224,6.0
608,223.67,40.691,6.0
609,230.26,42.306000000000004,6.0
610,237.51,32.427,6.0
611,230.02,25.820999999999998,6.0
612,221.05,31.939,6.0
613,222.15,35.887,6.0
614,224.32,34.598,6.0
615,215.09,40.512,6.0
616,222.17,29.374000000000002,6.0
617,227.72,36.496,6.0
618,222.6,26.351,6.0
619,240.66,41.336000000000006,6.0
620,205.75,35.473,6.0
621,235.23,27.866,6.0
622,231.18,42.003,6.0
623,231.12,29.614,6.0
624,217.63,36.243,6.0
625,215.19,28.95,6.0
626,235.9,29.469,6.0
627,208.89,31.006,6.0
628,230.09,43.38,6.0
629,218.85,25.962,6.0
630,228.92,35.099000000000004,6.0
631,219.88,32.537,6.0
632,215.15,25.191,6.0
633,232.9,31.015,6.0
634,221.75,36.851,6.0
635,218.06,32.323,6.0
636,217.44,38.046,6.0
637,218.52,34.145,6.0
638,210.3,36.538000000000004,6.0
639,235.11,31.906,6.0
640,242.33,42.239,6.0
641,237.46,24.173000000000002,6.0
642,242.26,31.384,6.0
643,218.86,28.634,6.0
644,228.33,37.656,6.0
645,217.07,26.081999999999997,6.0
646,220.1,43.318000000000005,6.0
647,236.15,40.472,6.0
648,236.94,30.160999999999998,6.0
649,224.88,33.703,6.0
650,227.83,35.891,6.0
651,204.83,33.455999999999996,6.0
652,230.04,33.744,6.0
653,239.21,24.404,6.0
654,215.99,32.708,6.0
655,225.44,30.136,6.0
656,221.11,30.785999999999998,6.0
657,223.55,31.051,6.0
658,219.82,36.919000000000004,6.0
659,218.6,30.279,6.0
660,240.45,24.982,6.0
661,226.6,31.058000000000003,6.0
662,222.25,26.019000000000002,6.0
663,219.27,31.857,6.0
664,234.46,34.924,6.0
665,245.39,35.893,6.0
666,225.58,28.816,6.0
667,214.11,47.908,6.0
668,218.21,35.774,6.0
669,221.01,32.11,6.0
670,225.22,20.218,6.0
671,216.65,29.612,6.0
672,241.42,30.914,6.0
673,231.49,44.332,6.0
674,235.32,38.251,6.0
675,226.47,28.779,6.0
676,221.01,30.820999999999998,6.0
677,231.32,38.272,6.0
678,221.43,30.086,6.0
679,215.05,37.061,6.0
680,217.52,28.147,6.0
681,232.14,30.886,6.0
682,230.39,40.125,6.0
683,225.57,32.076,6.0
684,236.76,33.771,6.0
685,244.63,33.334,6.0
686,217.69,31.252,6.0
687,227.6,29.831,6.0
688,232.55,24.914,6.0
689,228.73,25.526,6.0
690,226.45,29.793000000000003,6.0
691,220.48,27.059,6.0
692,233.34,34.179,6.0
693,221.16,27.814,6.0
694,233.34,33.664,6.0
695,231.04,33.016,6.0
696,211.18,35.958,6.0
697,216.9,36.274,6.0
698,240.82,37.199,6.0
699,222.49,22.059,6.0
700,192.87,23.07,7.0
701,199.33,15.63,7.0
702,197.47,35.933,7.0
703,195.26,11.026,7.0
704,198.43,22.941999999999997,7.0
705,202.83,27.701,7.0
706,201.55,10.949000000000002,7.0
707,195.72,15.515,7.0
708,200.85,27.215,7.0
709,201.29,24.647,7.0
710,194.81,26.546999999999997,7.0
711,203.78,20.066,7.0
712,197.85,16.229,7.0
713,202.66,31.214000000000002,7.0
714,198.99,13.225,7.0
715,196.5,23.357,7.0
716,203.58,27.849,7.0
717,192.28,14.556,7.0
718,198.47,25.729,7.0
719,202.93,23.499000000000002,7.0
720,200.92,31.489,7.0
721,197.67,39.161,7.0
722,197.45,22.261,7.0
723,195.56,10.815,7.0
724,201.97,14.020999999999999,7.0
725,200.85,28.055,7.0
726,198.97,28.159000000000002,7.0
727,199.96,26.083000000000002,7.0
728,197.39,11.707,7.0
729,194.66,33.207,7.0
730,193.87,20.034000000000002,7.0
731,191.18,21.535999999999998,7.0
732,194.8,27.338,7.0
733,197.88,26.623,7.0
734,190.03,33.619,7.0
735,200.93,31.67,7.0
736,202.92,36.312,7.0
737,201.08,29.859,7.0
738,195.57,17.233,7.0
739,199.79,42.604,7.0
740,196.21,24.625,7.0
741,198.66,23.186,7.0
742,198.79,25.739,7.0
743,193.35,20.987,7.0
744,207.36,24.621,7.0
745,198.19,23.717,7.0
746,193.16,22.686,7.0
747,193.02,25.695999999999998,7.0
748,198.45,21.598000000000003,7.0
749,201.52,20.679000000000002,7.0
750,203.73,12.145999999999999,7.0
751,201.05,28.184,7.0
752,196.48,23.273000000000003,7.0
753,196.73,29.574,7.0
754,199.5,16.045,7.0
755,199.89,31.825,7.0
756,203.22,25.674,7.0
757,207.3,20.886999999999997,7.0
758,191.63,20.105,7.0
759,203.13,27.198,7.0
760,197.84,32.808,7.0
761,195.63,26.656999999999996,7.0
762,202.12,34.907,7.0
763,195.08,29.773000000000003,7.0
764,194.58,17.417,7.0
765,201.14,27.641,7.0
766,200.86,26.881,7.0
767,193.57,31.503,7.0
768,193.41,23.691999999999997,7.0
769,193.69,8.7929,7.0
770,203.6,28.763,7.0
771,196.04,29.486,7.0
772,197.95,13.573,7.0
773,195.19,29.253,7.0
774,202.56,23.799,7.0
775,197.63,23.035999999999998,7.0
776,197.15,25.866999999999997,7.0
777,197.27,24.487,7.0
778,198.26,30.564,7.0
779,193.46,26.843000000000004,7.0
780,202.03,33.949,7.0
781,196.64,21.293000000000003,7.0
782,193.97,26.055,7.0
783,198.56,26.904,7.0
784,204.85,20.367,7.0
785,189.42,29.89,7.0
786,202.59,13.03,7.0
787,196.41,21.983,7.0
788,193.82,18.651,7.0
789,199.28,15.617,7.0
790,196.33,16.745,7.0
791,196.87,18.565,7.0
792,191.79,21.737,7.0
793,194.43,25.570999999999998,7.0
794,195.15,25.688000000000002,7.0
795,201.06,18.269000000000002,7.0
796,198.77,28.076999999999998,7.0
797,197.22,19.672,7.0
798,195.89,29.895,7.0
799,200.37,28.811999999999998,7.0
800,244.78,181.39,8.0
801,251.15,178.78,8.0
802,266.61,200.23,8.0
803,262.03,191.3,8.0
804,246.73,193.99,8.0
805,261.4,193.47,8.0
806,261.95,189.78,8.0
807,235.38,189.89,8.0
808,262.74,190.76,8.0
809,266.07,183.84,8.0
810,258.1,206.33,8.0
811,259.25,191.39,8.0
812,240.19,184.52,8.0
813,255.13,188.5,8.0
814,244.07,181.59,8.0
815,252.74,177.97,8.0
816,256.03,176.48,8.0
817,268.9,193.67,8.0
818,263.82,181.82,8.0
819,264.91,187.47,8.0
820,252.24,186.95,8.0
821,261.97,181.96,8.0
822,254.29,196.23,8.0
823,266.94,205.61,8.0
824,261.79,193.5,8.0
825,255.35,183.39,8.0
826,255.51,193.77,8.0
827,261.62,200.04,8.0
828,262.25,193.77,8.0
829,259.87,203.07,8.0
830,262.22,180.97,8.0
831,253.04,181.37,8.0
832,256.7,196.32,8.0
833,266.19,181.82,8.0
834,256.84,193.92,8.0
835,261.11,190.83,8.0
836,256.42,186.5,8.0
837,259.39,192.92,8.0
838,249.15,185.89,8.0
839,271.13,199.24,8.0
840,256.19,176.77,8.0
841,238.09,197.95,8.0
842,257.16,194.38,8.0
843,274.74,182.57,8.0
844,265.1,191.57,8.0
845,268.14,178.04,8.0
846,263.18,197.97,8.0
847,267.76,179.57,8.0
848,262.6,185.33,8.0
849,251.85,189.89,8.0
850,252.59,192.81,8.0
851,276.74,196.28,8.0
852,252.4,188.22,8.0
853,255.77,193.63,8.0
854,260.27,205.91,8.0
855,267.34,193.05,8.0
856,260.13,199.3,8.0
857,261.93,191.15,8.0
858,264.4,199.39,8.0
859,261.47,190.9,8.0
860,258.47,199.49,8.0
861,247.18,184.32,8.0
862,263.11,176.43,8.0
863,251.1,194.68,8.0
864,244.84,176.13,8.0
865,265.36,195.84,8.0
866,253.59,179.0,8.0
867,257.77,205.91,8.0
868,247.78,174.42,8.0
869,263.19,191.91,8.0
870,259.26,202.79,8.0
871,264.2,175.54,8.0
872,270.62,194.16,8.0
873,248.78,184.51,8.0
874,257.5,189.73,8.0
875,257.21,189.35,8.0
876,247.65,196.66,8.0
877,252.93,202.35,8.0
878,269.84,175.57,8.0
879,271.87,202.15,8.0
880,259.92,186.51,8.0
881,246.26,185.93,8.0
882,260.13,197.35,8.0
883,261.23,207.98,8.0
884,262.8,194.2,8.0
885,267.56,171.17,8.0
886,257.97,202.28,8.0
887,253.99,190.98,8.0
888,253.96,190.89,8.0
889,248.33,181.53,8.0
890,249.16,190.26,8.0
891,252.68,196.89,8.0
892,247.93,200.41,8.0
893,270.56,180.14,8.0
894,267.59,193.51,8.0
895,251.95,170.46,8.0
896,254.57,199.85,8.0
897,244.41,192.78,8.0
898,244.97,206.83,8.0
899,245.37,177.86,8.0
900,14.457,2028.0,9.0
901,18.37,1990.0,9.0
902,4.9663,2008.0,9.0
903,12.404000000000002,1995.0,9.0
904,11.424000000000001,1997.0,9.0
905,7.1546,1943.0,9.0
906,9.2623,2009.0,9.0
907,12.335,2032.0,9.0
908,11.059000000000001,2045.0,9.0
909,5.8168,1950.0,9.0
910,8.3638,1979.0,9.0
911,6.2825,2030.0,9.0
912,9.2173,1993.0,9.0
913,16.269000000000002,2023.0,9.0
914,12.555,2010.0,9.0
915,12.015999999999998,2000.0,9.0
916,8.7551,2013.0,9.0
917,9.6009,1994.0,9.0
918,11.01,2069.0,9.0
919,9.4067,2046.0,9.0
920,9.2546,1940.0,9.0
921,8.7594,2014.0,9.0
922,9.37,1943.0,9.0
923,6.7331,1994.0,9.0
924,8.9385,2005.0,9.0
925,6.1475,2027.0,9.0
926,13.637,2013.0,9.0
927,6.1129,2025.0,9.0
928,8.2808,1996.0,9.0
929,12.907,1968.0,9.0
930,14.913,2020.0,9.0
931,13.866,2011.0,9.0
932,17.649,2016.0,9.0
933,12.323,1977.0,9.0
934,12.075999999999999,2026.0,9.0
935,8.8421,1994.0,9.0
936,7.2175,1980.0,9.0
937,11.264000000000001,2026.0,9.0
938,13.399000000000001,2038.0,9.0
939,13.772,1986.0,9.0
940,7.0184,2017.0,9.0
941,9.9281,1956.0,9.0
942,12.138,1994.0,9.0
943,9.556000000000001,2043.0,9.0
944,8.5952,2018.0,9.0
945,11.355,1971.0,9.0
946,13.59,2035.0,9.0
947,14.633,2071.0,9.0
948,11.002,2023.0,9.0
949,9.4143,2017.0,9.0
950,9.6488,1998.0,9.0
951,9.6471,2045.0,9.0
952,8.7371,1965.0,9.0
953,18.944000000000003,1988.0,9.0
954,12.253,2025.0,9.0
955,5.5478,2018.0,9.0
956,11.437999999999999,2031.0,9.0
957,12.097000000000001,1998.0,9.0
958,8.326,2033.0,9.0
959,4.0573,2023.0,9.0
960,11.073,2052.0,9.0
961,11.288,2046.0,9.0
962,8.3493,2010.0,9.0
963,6.5677,2021.0,9.0
964,12.359000000000002,2044.0,9.0
965,10.431,2007.0,9.0
966,13.796,1999.0,9.0
967,11.335,2066.0,9.0
968,10.742,1985.0,9.0
969,8.1141,1981.0,9.0
970,11.525,2002.0,9.0
971,7.6013,2030.0,9.0
972,9.3796,2000.0,9.0
973,6.646,2038.0,9.0
974,16.262,1979.0,9.0
975,12.770999999999999,1992.0,9.0
976,8.5499,1986.0,9.0
977,2.9343,1999.0,9.0
978,14.424000000000001,2054.0,9.0
979,9.1572,2000.0,9.0
980,4.4938,2049.0,9.0
981,10.196,2021.0,9.0
982,9.8192,2005.0,9.0
983,7.1316,1965.0,9.0
984,14.616,2028.0,9.0
985,11.855,2055.0,9.0
986,2.7389,1967.0,9.0
987,7.6602,2030.0,9.0
988,11.565,1969.0,9.0
989,12.504000000000001,1981.0,9.0
990,13.782,2020.0,9.0
991,12.444,2029.0,9.0
992,10.529000000000002,2043.0,9.0
993,4.3383,1999.0,9.0
994,10.587,2011.0,9.0
995,12.628,2044.0,9.0
996,13.440999999999999,1978.0,9.0
997,13.642000000000001,2015.0,9.0
998,8.2367,2054.0,9.0
999,11.258,1994.0,9.0
1000,132.76,798.4,10.0
1001,126.02,822.4,10.0
1002,130.45,861.9,10.0
1003,119.61,796.7,10.0
1004,135.93,860.1,10.0
1005,127.06,809.2,10.0
1006,143.58,817.0,10.0
1007,104.3,830.7,10.0
1008,129.45,854.3,10.0
1009,127.12,844.4,10.0
1010,115.67,789.8,10.0
1011,120.07,792.3,10.0
1012,128.48,896.3,10.0
1013,122.02,829.0,10.0
1014,135.18,845.0,10.0
1015,143.83,816.3,10.0
1016,100.36,839.3,10.0
1017,133.88,802.9,10.0
1018,117.33,814.2,10.0
1019,128.87,795.0,10.0
1020,124.63,819.5,10.0
1021,125.02,871.5,10.0
1022,133.64,887.1,10.0
1023,151.75,874.5,10.0
1024,104.05,816.4,10.0
1025,113.46,853.9,10.0
1026,134.27,794.6,10.0
1027,125.02,873.8,10.0
1028,124.72,823.6,10.0
1029,128.91,773.9,10.0
1030,155.7,814.0,10.0
1031,107.16,821.6,10.0
1032,126.26,805.5,10.0
1033,100.03,855.8,10.0
1034,129.53,776.3,10.0
1035,110.81,772.7,10.0
1036,132.79,773.3,10.0
1037,141.18,831.4,10.0
1038,142.36,862.2,10.0
1039,125.07,882.6,10.0
1040,145.85,845.2,10.0
1041,142.12,845.7,10.0
1042,141.08,869.2,10.0
1043,125.11,812.6,10.0
1044,160.76,846.3,10.0
1045,140.57,839.0,10.0
1046,142.61,878.9,10.0
1047,118.66,827.7,10.0
1048,126.4,802.7,10.0
1049,128.89,893.9,10.0
1050,125.48,810.1,10.0
1051,109.75,853.0,10.0
1052,127.19,822.5,10.0
1053,110.91,776.9,10.0
1054,157.75,823.8,10.0
1055,129.45,826.1,10.0
1056,130.15,828.5,10.0
1057,125.96,838.5,10.0
1058,110.29,770.7,10.0
1059,119.19,852.7,10.0
1060,118.8,808.1,10.0
1061,139.48,836.9,10.0
1062,121.01,837.0,10.0
1063,138.45,851.5,10.0
1064,119.76,848.5,10.0
1065,101.59,809.1,10.0
1066,122.79,801.1,10.0
1067,125.73,768.5,10.0
1068,120.22,855.0,10.0
1069,124.86,792.5,10.0
1070,112.86,849.9,10.0
1071,145.52,811.9,10.0
1072,123.0,813.2,10.0
1073,126.92,862.8,10.0
1074,137.52,775.7,10.0
1075,130.27,801.3,10.0
1076,133.72,782.4,10.0
1077,136.86,830.7,10.0
1078,126.1,798.7,10.0
1079,113.9,829.7,10.0
1080,132.67,821.3,10.0
1081,135.64,936.9,10.0
1082,151.54,820.5,10.0
1083,139.36,864.5,10.0
1084,128.01,881.8,10.0
1085,115.05,845.0,10.0
1086,121.05,870.2,10.0
1087,133.78,863.2,10.0
1088,133.68,822.8,10.0
1089,104.98,767.9,10.0
1090,142.82,809.7,10.0
1091,129.05,846.4,10.0
1092,103.62,818.3,10.0
1093,129.35,814.9,10.0
1094,134.67,838.1,10.0
1095,119.66,807.0,10.0
1096,110.22,869.4,10.0
1097,85.92200000000001,821.7,10.0
1098,142.68,838.0,10.0
1099,124.77,819.0,10.0
1100,46.53,264.59,11.0
1101,45.54600000000001,270.5,11.0
1102,49.625,244.07,11.0
1103,49.658,223.57,11.0
1104,52.379,292.58,11.0
1105,53.456,302.68,11.0
1106,50.068999999999996,215.84,11.0
1107,50.441,265.49,11.0
1108,45.895,201.26,11.0
1109,47.597,239.2,11.0
1110,49.43,249.66,11.0
1111,48.705,252.24,11.0
1112,54.083999999999996,266.17,11.0
1113,48.301,316.84,11.0
1114,53.4,205.23,11.0
1115,54.486999999999995,284.28,11.0
1116,50.958,263.76,11.0
1117,51.255,312.21,11.0
1118,48.968,265.33,11.0
1119,46.887,224.43,11.0
1120,50.091,201.07,11.0
1121,42.922,269.12,11.0
1122,46.067,243.47,11.0
1123,48.457,275.89,11.0
1124,52.49100000000001,268.25,11.0
1125,50.673,245.5,11.0
1126,52.44,199.97,11.0
1127,48.408,257.71,11.0
1128,55.185,286.3,11.0
1129,51.343,299.89,11.0
1130,50.605,254.88,11.0
1131,50.934,266.79,11.0
1132,52.379,259.68,11.0
1133,50.793,282.62,11.0
1134,46.826,272.53,11.0
1135,51.92100000000001,308.34,11.0
1136,51.772,182.59,11.0
1137,49.608000000000004,224.9,11.0
1138,52.093999999999994,198.55,11.0
1139,54.762,328.03,11.0
1140,50.667,232.82,11.0
1141,50.751000000000005,322.47,11.0
1142,47.479,236.57,11.0
1143,49.318999999999996,269.17,11.0
1144,48.434,237.48,11.0
1145,50.354,164.29,11.0
1146,47.733999999999995,226.73,11.0
1147,49.523,190.87,11.0
1148,50.913000000000004,222.82,11.0
1149,50.95399999999999,193.98,11.0
1150,51.465,248.55,11.0
1151,47.716,214.49,11.0
1152,48.833999999999996,274.0,11.0
1153,53.863,246.66,11.0
1154,47.326,234.9,11.0
1155,50.629,292.07,11.0
1156,54.753,172.31,11.0
1157,53.915,276.15,11.0
1158,52.75899999999999,209.5,11.0
1159,51.129,275.92,11.0
1160,50.085,236.89,11.0
1161,47.458,208.67,11.0
1162,48.659,233.01,11.0
1163,50.924,238.36,11.0
1164,49.173,239.83,11.0
1165,46.803000000000004,327.55,11.0
1166,50.231,248.05,11.0
1167,49.443000000000005,253.75,11.0
1168,53.398999999999994,204.61,11.0
1169,52.688,270.09,11.0
1170,50.806999999999995,261.75,11.0
1171,48.677,206.36,11.0
1172,47.673,292.98,11.0
1173,52.159,249.68,11.0
1174,50.75899999999999,253.85,11.0
1175,45.2,303.14,11.0
1176,52.295,287.36,11.0
1177,47.488,229.82,11.0
1178,47.368,226.42,11.0
1179,49.301,185.17,11.0
1180,49.178000000000004,243.21,11.0
1181,49.446000000000005,282.88,11.0
1182,49.753,206.42,11.0
1183,49.637,247.09,11.0
1184,47.673,238.89,11.0
1185,48.88,268.41,11.0
1186,48.996,253.13,11.0
1187,51.952,236.38,11.0
1188,49.407,314.73,11.0
1189,47.648,230.0,11.0
1190,52.016000000000005,259.4,11.0
1191,51.81,221.05,11.0
1192,49.81100000000001,337.98,11.0
1193,50.17,270.17,11.0
1194,51.57,306.1,11.0
1195,50.541000000000004,228.31,11.0
1196,48.383,266.35,11.0
1197,49.99,238.37,11.0
1198,50.19,202.87,11.0
1199,48.011,287.63,11.0
1200,23.285,715.74,12.0
1201,20.037,627.69,12.0
1202,26.08,768.87,12.0
1203,24.983,709.65,12.0
1204,34.275,709.94,12.0
1205,29.838,709.96,12.0
1206,20.239,752.78,12.0
1207,41.96,727.89,12.0
1208,23.151,719.77,12.0
1209,21.622,746.36,12.0
1210,12.004000000000001,752.21,12.0
1211,29.566,724.99,12.0
1212,34.336,745.15,12.0
1213,26.915,713.34,12.0
1214,18.483,710.39,12.0
1215,26.862,696.18,12.0
1216,13.182,728.42,12.0
1217,22.708000000000002,688.76,12.0
1218,10.051,779.71,12.0
1219,37.22,695.35,12.0
1220,14.515,668.84,12.0
1221,32.459,693.35,12.0
1222,25.651,761.98,12.0
1223,37.259,686.62,12.0
1224,33.9,682.4,12.0
1225,14.9,709.69,12.0
1226,44.996,716.93,12.0
1227,13.693,652.35,12.0
1228,9.2579,720.28,12.0
1229,40.183,756.43,12.0
1230,29.386999999999997,738.25,12.0
1231,23.928,756.42,12.0
1232,26.913,706.43,12.0
1233,37.268,650.77,12.0
1234,30.749000000000002,632.21,12.0
1235,25.174,721.92,12.0
1236,25.24,693.1,12.0
1237,23.638,669.71,12.0
1238,23.168000000000003,715.17,12.0
1239,33.79,717.09,12.0
1240,23.201,726.08,12.0
1241,17.663,734.16,12.0
1242,27.357,682.97,12.0
1243,26.789,715.19,12.0
1244,20.908,702.89,12.0
1245,23.432,716.43,12.0
1246,20.988000000000003,777.75,12.0
1247,15.317,678.26,12.0
1248,11.998,739.84,12.0
1249,35.758,713.44,12.0
1250,29.715,694.84,12.0
1251,28.381,713.09,12.0
1252,18.637,706.02,12.0
1253,24.169,676.04,12.0
1254,31.609,736.65,12.0
1255,33.631,707.06,12.0
1256,28.607,730.13,12.0
1257,35.328,678.69,12.0
1258,37.991,746.35,12.0
1259,55.434,715.5,12.0
1260,31.143,744.43,12.0
1261,15.814,657.69,12.0
1262,23.497,731.02,12.0
1263,35.394,645.73,12.0
1264,7.1988,716.47,12.0
1265,24.906,706.76,12.0
1266,39.900999999999996,734.82,12.0
1267,15.799000000000001,629.14,12.0
1268,35.494,722.39,12.0
1269,16.94,686.2,12.0
1270,21.424,733.24,12.0
1271,20.772,700.4,12.0
1272,22.88,656.31,12.0
1273,20.713,706.55,12.0
1274,14.265,757.86,12.0
1275,4.9242,681.78,12.0
1276,3.2055,735.28,12.0
1277,21.818,644.21,12.0
1278,34.821999999999996,684.83,12.0
1279,28.980999999999998,710.95,12.0
1280,30.825,719.22,12.0
1281,23.029,693.66,12.0
1282,22.910999999999998,714.31,12.0
1283,35.8,712.06,12.0
1284,28.355,669.11,12.0
1285,13.258,692.64,12.0
1286,18.067,717.57,12.0
1287,16.366,735.12,12.0
1288,21.226999999999997,712.24,12.0
1289,17.137999999999998,722.39,12.0
1290,18.192999999999998,665.42,12.0
1291,15.415,718.13,12.0
1292,27.238000000000003,717.34,12.0
1293,55.878,704.28,12.0
1294,23.255,674.08,12.0
1295,30.688000000000002,729.58,12.0
1296,42.493,752.72,12.0
1297,14.909,692.82,12.0
1298,42.578,714.02,12.0
1299,37.139,729.91,12.0
1300,-24.726,980.36,13.0
1301,-13.547,932.48,13.0
1302,-12.671,1080.0,13.0
1303,-25.355999999999998,987.7,13.0
1304,-8.1102,921.14,13.0
1305,-24.156,988.23,13.0
1306,-9.9665,930.5,13.0
1307,-19.209,1022.9,13.0
1308,-11.13,1037.2,13.0
1309,-18.489,976.28,13.0
1310,-9.658999999999999,979.37,13.0
1311,-19.96,1009.9,13.0
1312,-19.298,911.53,13.0
1313,-16.735,973.4,13.0
1314,-14.21,972.21,13.0
1315,-14.309000000000001,965.58,13.0
1316,-12.647,973.3,13.0
1317,-22.275,987.15,13.0
1318,-24.794,997.82,13.0
1319,-12.638,997.98,13.0
1320,-18.588,995.31,13.0
1321,-15.040999999999999,931.15,13.0
1322,-21.118000000000002,1036.7,13.0
1323,-21.101,951.44,13.0
1324,-19.682000000000002,898.94,13.0
1325,-11.867,942.37,13.0
1326,-14.647,954.97,13.0
1327,-14.573,991.66,13.0
1328,-13.579,999.46,13.0
1329,-16.191,940.04,13.0
1330,-13.482999999999999,1035.2,13.0
1331,-14.045,988.34,13.0
1332,-19.201,951.54,13.0
1333,-11.869000000000002,1008.2,13.0
1334,-18.583,945.67,13.0
1335,-19.214000000000002,1046.0,13.0
1336,-16.838,1021.7,13.0
1337,-16.245,976.14,13.0
1338,-22.340999999999998,997.69,13.0
1339,-20.578000000000003,904.85,13.0
1340,-15.401,979.92,13.0
1341,-23.971,898.36,13.0
1342,-20.809,1006.5,13.0
1343,-14.335,940.53,13.0
1344,-14.222999999999999,1032.5,13.0
1345,-21.273000000000003,1003.2,13.0
1346,-26.14,989.55,13.0
1347,-18.092,960.34,13.0
1348,-7.2721,980.09,13.0
1349,-20.223,946.59,13.0
1350,-19.012999999999998,973.23,13.0
1351,-18.999000000000002,929.86,13.0
1352,-16.4,1027.6,13.0
1353,-9.9154,1050.3,13.0
1354,-25.238000000000003,961.5,13.0
1355,-19.461,1024.9,13.0
1356,-17.194000000000003,918.91,13.0
1357,-17.927,1072.6,13.0
1358,-24.361,1017.6,13.0
1359,-18.857,1001.6,13.0
1360,-24.991,984.13,13.0
1361,-15.582,932.59,13.0
1362,-16.456,1062.9,13.0
1363,-18.644000000000002,978.46,13.0
1364,-22.180999999999997,973.67,13.0
1365,-17.959,947.48,13.0
1366,-17.687,910.89,13.0
1367,-12.618,971.26,13.0
1368,-15.277000000000001,990.55,13.0
1369,-12.870999999999999,1002.7,13.0
1370,-17.227,966.08,13.0
1371,-22.118000000000002,1017.4,13.0
1372,-20.554000000000002,1037.0,13.0
1373,-17.074,1039.7,13.0
1374,-25.176,967.27,13.0
1375,-12.568,1072.8,13.0
1376,-25.228,1004.8,13.0
1377,-20.398,942.24,13.0
1378,-11.629000000000001,969.46,13.0
1379,-13.402999999999999,957.97,13.0
1380,-18.764,1040.3,13.0
1381,-20.764,1007.4,13.0
1382,-24.603,1011.4,13.0
1383,-20.675,1064.7,13.0
1384,-20.436,1016.4,13.0
1385,-15.139000000000001,1031.7,13.0
1386,-14.444,1011.1,13.0
1387,-17.764,962.26,13.0
1388,-11.905999999999999,1070.3,13.0
1389,-18.000999999999998,1037.3,13.0
1390,-15.498,1016.0,13.0
1391,-16.387999999999998,933.1,13.0
1392,-18.191,1133.6,13.0
1393,-15.545,916.06,13.0
1394,-14.174000000000001,988.14,13.0
1395,-4.6419,1043.8,13.0
1396,-26.453000000000003,986.07,13.0
1397,-25.519000000000002,1053.4,13.0
1398,-15.865,970.08,13.0
1399,-19.962,990.43,13.0
1400,28.803,524.91,14.0
1401,30.534000000000002,484.41,14.0
1402,37.711,507.25,14.0
1403,31.816,531.75,14.0
1404,33.818000000000005,463.13,14.0
1405,34.273,463.25,14.0
1406,39.106,510.3,14.0
1407,33.18,517.81,14.0
1408,20.783,499.96,14.0
1409,25.939,516.89,14.0
1410,34.911,477.08,14.0
1411,34.009,501.5,14.0
1412,33.209,504.98,14.0
1413,42.25,542.8,14.0
1414,31.254,486.53,14.0
1415,27.045,463.49,14.0
1416,35.812,500.3,14.0
1417,27.395,477.08,14.0
1418,36.808,471.41,14.0
1419,41.423,499.27,14.0
1420,34.105,465.47,14.0
1421,36.328,493.08,14.0
1422,27.514,502.97,14.0
1423,35.78,493.64,14.0
1424,35.982,543.0,14.0
1425,35.219,505.69,14.0
1426,34.623000000000005,449.69,14.0
1427,30.291,463.04,14.0
1428,28.596,471.43,14.0
1429,38.473,570.37,14.0
1430,34.602,535.22,14.0
1431,33.966,531.04,14.0
1432,29.13,465.37,14.0
1433,32.671,486.21,14.0
1434,28.09,543.07,14.0
1435,25.699,505.04,14.0
1436,29.015,464.78,14.0
1437,37.251,476.12,14.0
1438,24.995,509.11,14.0
1439,24.87,498.56,14.0
1440,43.784,499.57,14.0
1441,30.541,491.62,14.0
1442,25.486,478.22,14.0
1443,39.149,539.37,14.0
1444,36.633,434.06,14.0
1445,33.363,467.05,14.0
1446,36.345,467.97,14.0
1447,20.615,489.18,14.0
1448,40.569,538.32,14.0
1449,22.963,519.02,14.0
1450,27.148000000000003,519.55,14.0
1451,41.107,438.08,14.0
1452,25.427,524.64,14.0
1453,35.6,450.54,14.0
1454,34.888000000000005,502.69,14.0
1455,30.458000000000002,500.2,14.0
1456,36.876999999999995,554.31,14.0
1457,39.746,473.27,14.0
1458,43.028999999999996,452.51,14.0
1459,23.896,512.42,14.0
1460,40.356,548.25,14.0
1461,43.788000000000004,518.87,14.0
1462,30.148000000000003,476.34,14.0
1463,41.401,480.75,14.0
1464,35.52,534.71,14.0
1465,36.001999999999995,537.56,14.0
1466,28.19,508.33,14.0
1467,36.293,485.01,14.0
1468,52.162,498.17,14.0
1469,33.071,517.65,14.0
1470,31.088,472.21,14.0
1471,33.897,499.5,14.0
1472,20.684,479.8,14.0
1473,30.631,518.63,14.0
1474,32.781,498.2,14.0
1475,31.326999999999998,493.98,14.0
1476,38.971,493.01,14.0
1477,38.205,479.52,14.0
1478,29.199,539.38,14.0
1479,30.588,492.71,14.0
1480,33.354,470.21,14.0
1481,32.532,496.5,14.0
1482,33.39,522.54,14.0
1483,54.597,501.95,14.0
1484,31.054000000000002,446.79,14.0
1485,40.205,550.99,14.0
1486,37.643,519.93,14.0
1487,40.839,450.84,14.0
1488,36.717,490.55,14.0
1489,31.59,519.51,14.0
1490,19.271,532.32,14.0
1491,46.27,469.27,14.0
1492,46.94,497.3,14.0
1493,39.513000000000005,447.43,14.0
1494,31.980999999999998,446.34,14.0
1495,40.998999999999995,516.33,14.0
1496,42.028,468.66,14.0
1497,32.007,463.3,14.0
1498,23.636999999999997,476.62,14.0
1499,38.601,449.97,14.0
1500,7.4623,400.13,15.0
1501,10.804,437.57,15.0
1502,12.780999999999999,472.14,15.0
1503,17.932000000000002,414.47,15.0
1504,14.07,466.45,15.0
1505,18.485,447.25,15.0
1506,10.514000000000001,428.09,15.0
1507,16.714000000000002,421.31,15.0
1508,4.8153,422.43,15.0
1509,15.92,429.4,15.0
1510,7.5982,405.32,15.0
1511,5.5611,413.92,15.0
1512,11.642999999999999,428.46,15.0
1513,11.03,430.53,15.0
1514,14.200999999999999,434.75,15.0
1515,6.5354,446.68,15.0
1516,7.9578,428.92,15.0
1517,16.01,381.78,15.0
1518,14.561,445.67,15.0
1519,11.435,396.77,15.0
1520,14.167,425.44,15.0
1521,14.729000000000001,451.85,15.0
1522,20.066,430.01,15.0
1523,13.21,448.28,15.0
1524,9.4231,458.48,15.0
1525,15.192,427.4,15.0
1526,5.9809,464.62,15.0
1527,18.732,438.01,15.0
1528,17.273,453.97,15.0
1529,13.117,426.55,15.0
1530,15.124,440.16,15.0
1531,14.792,410.21,15.0
1532,13.671,459.69,15.0
1533,16.554000000000002,455.16,15.0
1534,13.087,419.56,15.0
1535,17.391,453.96,15.0
1536,21.296,430.11,15.0
1537,11.498,474.21,15.0
1538,11.085,434.86,15.0
1539,18.467,416.72,15.0
1540,9.2022,467.46,15.0
1541,18.538,399.58,15.0
1542,17.083,462.44,15.0
1543,16.158,421.36,15.0
1544,13.427999999999999,435.3,15.0
1545,13.636,408.46,15.0
1546,10.519,427.84,15.0
1547,7.5086,429.06,15.0
1548,14.605,392.71,15.0
1549,11.43,418.38,15.0
1550,14.815,427.22,15.0
1551,12.135,458.85,15.0
1552,16.131,429.61,15.0
1553,16.115,438.04,15.0
1554,12.982999999999999,430.15,15.0
1555,6.8047,444.69,15.0
1556,13.239,407.98,15.0
1557,17.256,431.3,15.0
1558,15.095,396.11,15.0
1559,7.8545,410.81,15.0
1560,10.107000000000001,399.33,15.0
1561,21.506999999999998,425.66,15.0
1562,18.619,421.84,15.0
1563,14.297,441.63,15.0
1564,14.668,455.33,15.0
1565,15.174000000000001,437.29,15.0
1566,14.442,426.59,15.0
1567,12.536,452.48,15.0
1568,19.512,429.06,15.0
1569,3.5336,449.35,15.0
1570,14.565999999999999,433.03,15.0
1571,21.561,420.9,15.0
1572,13.963,407.64,15.0
1573,16.046,432.68,15.0
1574,16.432000000000002,405.24,15.0
1575,10.693,478.87,15.0
1576,12.452,434.84,15.0
1577,14.517000000000001,476.21,15.0
1578,14.235999999999999,434.84,15.0
1579,8.5992,433.32,15.0
1580,12.735999999999999,416.04,15.0
1581,16.276,415.95,15.0
1582,14.454,449.96,15.0
1583,20.079,380.49,15.0
1584,16.16,437.63,15.0
1585,11.104000000000001,443.32,15.0
1586,14.408,396.2,15.0
1587,10.073,432.36,15.0
1588,7.4954,420.97,15.0
1589,12.015999999999998,456.11,15.0
1590,12.677,410.96,15.0
1591,13.337,451.64,15.0
1592,13.272,412.9,15.0
1593,12.991,423.51,15.0
1594,8.9795,433.24,15.0
1595,11.11,413.8,15.0
1596,14.197000000000001,430.17,15.0
1597,9.1618,460.12,15.0
1598,25.801,430.07,15.0
1599,5.4758,461.82,15.0
1600,90.166,1114.1,16.0
1601,94.84200000000001,1148.6,16.0
1602,99.965,1103.7,16.0
1603,96.65700000000001,1061.5,16.0
1604,95.404,1144.1,16.0
1605,105.64,1116.9,16.0
1606,93.945,1138.7,16.0
1607,97.709,1097.3,16.0
1608,94.685,1105.1,16.0
1609,106.98,1072.9,16.0
1610,92.913,1111.1,16.0
1611,94.087,1136.2,16.0
1612,93.721,1102.6,16.0
1613,105.84,1067.7,16.0
1614,95.82,1164.3,16.0
1615,86.85,1078.1,16.0
1616,97.48299999999999,1083.8,16.0
1617,98.359,1133.8,16.0
1618,84.92299999999999,1155.8,16.0
1619,91.601,1144.9,16.0
1620,94.303,1085.0,16.0
1621,96.64299999999999,1110.5,16.0
1622,99.84200000000001,1162.7,16.0
1623,85.213,1105.1,16.0
1624,90.208,1153.5,16.0
1625,94.198,1115.2,16.0
1626,103.68,1146.1,16.0
1627,105.41,1080.1,16.0
1628,97.94,1137.2,16.0
1629,105.93,1131.0,16.0
1630,108.48,1090.3,16.0
1631,94.81299999999999,1121.9,16.0
1632,97.887,1142.5,16.0
1633,93.838,1097.3,16.0
1634,93.852,1106.8,16.0
1635,101.97,1108.3,16.0
1636,101.09,1067.2,16.0
1637,96.167,1088.2,16.0
1638,95.945,1047.0,16.0
1639,93.988,1068.7,16.0
1640,99.00399999999999,1153.5,16.0
1641,94.98200000000001,1075.5,16.0
1642,95.16,1165.0,16.0
1643,97.147,1130.1,16.0
1644,110.09,1042.5,16.0
1645,90.736,1086.2,16.0
1646,98.57700000000001,1104.7,16.0
1647,100.13,1096.9,16.0
1648,95.52600000000001,1144.5,16.0
1649,99.60700000000001,1108.6,16.0
1650,89.436,1100.2,16.0
1651,103.85,1058.6,16.0
1652,102.56,1129.0,16.0
1653,99.98299999999999,1118.9,16.0
1654,103.26,1171.5,16.0
1655,104.92,1087.2,16.0
1656,101.32,1095.9,16.0
1657,103.78,1083.6,16.0
1658,88.152,1133.7,16.0
1659,103.08,1169.0,16.0
1660,91.678,1159.4,16.0
1661,86.829,1118.9,16.0
1662,97.81700000000001,1096.3,16.0
1663,96.205,1158.1,16.0
1664,95.022,1150.1,16.0
1665,96.258,1073.4,16.0
1666,86.39299999999999,1190.8,16.0
1667,103.32,1115.5,16.0
1668,100.7,1054.3,16.0
1669,89.35600000000001,1035.8,16.0
1670,98.561,1113.4,16.0
1671,98.805,1049.1,16.0
1672,97.295,1119.8,16.0
1673,93.712,1101.6,16.0
1674,96.887,1093.7,16.0
1675,94.963,1119.2,16.0
1676,100.06,1187.7,16.0
1677,93.413,1150.1,16.0
1678,94.76799999999999,1096.6,16.0
1679,90.822,1109.7,16.0
1680,101.3,1144.4,16.0
1681,101.37,1127.5,16.0
1682,100.76,1064.5,16.0
1683,93.75,1085.9,16.0
1684,101.95,1146.4,16.0
1685,94.994,1123.2,16.0
1686,99.819,1092.9,16.0
1687,100.31,1123.4,16.0
1688,97.33200000000001,1106.9,16.0
1689,97.726,1145.4,16.0
1690,99.023,1069.7,16.0
1691,94.53299999999999,1158.2,16.0
1692,102.57,1122.2,16.0
1693,99.147,1112.2,16.0
1694,97.32,1138.7,16.0
1695,98.15799999999999,1078.3,16.0
1696,95.036,1078.7,16.0
1697,99.60700000000001,1131.1,16.0
1698,106.54,1117.3,16.0
1699,84.251,1118.8,16.0
1700,65.565,1509.9,17.0
1701,59.352,1479.9,17.0
1702,67.071,1471.7,17.0
1703,62.765,1495.0,17.0
1704,60.378,1475.5,17.0
1705,71.063,1491.0,17.0
1706,62.971000000000004,1471.5,17.0
1707,53.656000000000006,1501.9,17.0
1708,63.966,1450.8,17.0
1709,63.005,1471.9,17.0
1710,57.161,1485.2,17.0
1711,60.534,1484.1,17.0
1712,68.105,1466.3,17.0
1713,54.147,1487.8,17.0
1714,60.111000000000004,1516.4,17.0
1715,58.348,1493.0,17.0
1716,50.313,1496.3,17.0
1717,57.131,1492.3,17.0
1718,65.947,1459.0,17.0
1719,56.788999999999994,1507.9,17.0
1720,58.794,1481.2,17.0
1721,56.998000000000005,1507.3,17.0
1722,56.948,1475.0,17.0
1723,52.04,1466.8,17.0
1724,62.675,1498.8,17.0
1725,62.025,1456.9,17.0
1726,54.778,1482.1,17.0
1727,53.74,1510.3,17.0
1728,50.144,1511.5,17.0
1729,56.967,1496.4,17.0
1730,54.636,1458.8,17.0
1731,63.333,1472.6,17.0
1732,60.766999999999996,1491.2,17.0
1733,60.683,1511.7,17.0
1734,64.37899999999999,1476.1,17.0
1735,53.742,1495.7,17.0
1736,54.248999999999995,1490.9,17.0
1737,60.086999999999996,1480.0,17.0
1738,59.873000000000005,1490.3,17.0
1739,60.503,1508.5,17.0
1740,70.80199999999999,1495.7,17.0
1741,57.156000000000006,1471.5,17.0
1742,65.141,1458.9,17.0
1743,52.956,1513.3,17.0
1744,54.239,1489.1,17.0
1745,59.818000000000005,1475.9,17.0
1746,60.978,1502.0,17.0
1747,53.621,1458.6,17.0
1748,58.725,1472.8,17.0
1749,68.305,1490.7,17.0
1750,55.778999999999996,1452.8,17.0
1751,55.056000000000004,1515.5,17.0
1752,61.193999999999996,1524.7,17.0
1753,59.961999999999996,1507.6,17.0
1754,57.595,1461.3,17.0
1755,67.139,1509.1,17.0
1756,57.13,1478.1,17.0
1757,61.055,1500.6,17.0
1758,59.623000000000005,1510.6,17.0
1759,59.512,1485.6,17.0
1760,62.233999999999995,1502.6,17.0
1761,62.125,1480.1,17.0
1762,54.464,1472.3,17.0
1763,58.369,1492.3,17.0
1764,63.27,1458.1,17.0
1765,51.647,1481.6,17.0
1766,59.894,1510.6,17.0
1767,64.506,1478.8,17.0
1768,52.966,1484.1,17.0
1769,54.566,1465.6,17.0
1770,47.631,1481.7,17.0
1771,55.066,1495.9,17.0
1772,61.498000000000005,1471.3,17.0
1773,66.484,1521.4,17.0
1774,55.168,1491.9,17.0
1775,64.515,1479.5,17.0
1776,54.431000000000004,1497.5,17.0
1777,59.996,1495.8,17.0
1778,61.457,1490.5,17.0
1779,57.903,1491.1,17.0
1780,68.94800000000001,1467.1,17.0
1781,52.36600000000001,1509.5,17.0
1782,46.931000000000004,1486.7,17.0
1783,65.635,1488.1,17.0
1784,62.28,1506.9,17.0
1785,57.953,1518.2,17.0
1786,62.363,1490.7,17.0
1787,65.46,1488.5,17.0
1788,61.048,1484.2,17.0
1789,59.673,1483.8,17.0
1790,59.849,1492.2,17.0
1791,66.575,1464.6,17.0
1792,52.049,1469.0,17.0
1793,71.648,1478.1,17.0
1794,66.219,1502.0,17.0
1795,65.572,1515.6,17.0
1796,52.798,1507.0,17.0
1797,67.61,1488.3,17.0
1798,46.681999999999995,1472.3,17.0
1799,62.934,1487.4,17.0
1800,82.48299999999999,1427.5,18.0
1801,77.12100000000001,1405.5,18.0
1802,87.291,1418.1,18.0
1803,88.109,1428.4,18.0
1804,77.72,1443.6,18.0
1805,87.61,1420.0,18.0
1806,67.528,1390.5,18.0
1807,79.536,1387.3,18.0
1808,72.34,1424.4,18.0
1809,80.02199999999999,1415.4,18.0
1810,68.986,1450.8,18.0
1811,83.87,1416.4,18.0
1812,77.564,1402.8,18.0
1813,78.747,1441.1,18.0
1814,82.86399999999999,1410.6,18.0
1815,88.057,1436.7,18.0
1816,81.202,1407.5,18.0
1817,85.713,1412.8,18.0
1818,85.132,1427.9,18.0
1819,87.706,1415.5,18.0
1820,84.265,1401.2,18.0
1821,86.95299999999999,1449.5,18.0
1822,88.795,1430.2,18.0
1823,81.237,1429.9,18.0
1824,82.64299999999999,1406.7,18.0
1825,72.514,1442.0,18.0
1826,84.521,1416.5,18.0
1827,77.852,1409.6,18.0
1828,82.544,1438.7,18.0
1829,82.068,1396.4,18.0
1830,77.439,1368.3,18.0
1831,70.83,1426.1,18.0
1832,78.618,1392.4,18.0
1833,81.877,1427.3,18.0
1834,88.041,1428.9,18.0
1835,84.709,1406.0,18.0
1836,70.756,1435.9,18.0
1837,76.172,1376.6,18.0
1838,88.163,1409.6,18.0
1839,85.354,1400.6,18.0
1840,85.854,1390.4,18.0
1841,83.775,1394.7,18.0
1842,84.344,1385.2,18.0
1843,75.109,1425.9,18.0
1844,80.301,1394.2,18.0
1845,81.453,1405.1,18.0
1846,81.6,1401.0,18.0
1847,80.48,1399.8,18.0
1848,86.24700000000001,1376.5,18.0
1849,79.042,1415.1,18.0
1850,86.238,1414.9,18.0
1851,87.238,1366.4,18.0
1852,84.169,1379.3,18.0
1853,79.851,1384.6,18.0
1854,82.68299999999999,1407.9,18.0
1855,84.88,1445.0,18.0
1856,79.29899999999999,1389.4,18.0
1857,82.03299999999999,1408.9,18.0
1858,77.818,1419.0,18.0
1859,72.798,1399.5,18.0
1860,89.277,1394.5,18.0
1861,86.17299999999999,1424.0,18.0
1862,88.772,1424.0,18.0
1863,81.751,1411.4,18.0
1864,86.60600000000001,1438.7,18.0
1865,84.6,1403.4,18.0
1866,77.077,1427.3,18.0
1867,86.15,1423.3,18.0
1868,75.536,1363.8,18.0
1869,79.908,1384.8,18.0
1870,81.738,1398.1,18.0
1871,79.07,1409.4,18.0
1872,81.063,1381.8,18.0
1873,76.035,1427.4,18.0
1874,83.15299999999999,1420.8,18.0
1875,82.39399999999999,1421.1,18.0
1876,85.689,1400.7,18.0
1877,79.225,1363.5,18.0
1878,79.06,1408.7,18.0
1879,79.768,1381.6,18.0
1880,82.204,1392.2,18.0
1881,83.90799999999999,1424.7,18.0
1882,82.228,1420.3,18.0
1883,84.773,1397.5,18.0
1884,76.707,1406.8,18.0
1885,89.242,1425.6,18.0
1886,78.14,1428.1,18.0
1887,88.06,1437.9,18.0
1888,77.443,1402.4,18.0
1889,86.184,1427.1,18.0
1890,82.711,1395.5,18.0
1891,84.484,1390.0,18.0
1892,82.09,1423.3,18.0
1893,76.325,1391.1,18.0
1894,83.307,1413.3,18.0
1895,82.064,1349.7,18.0
1896,84.35700000000001,1419.7,18.0
1897,78.956,1384.6,18.0
1898,85.406,1369.4,18.0
1899,89.402,1414.6,18.0
1900,71.236,1459.6,19.0
1901,66.883,1451.1,19.0
1902,71.413,1452.2,19.0
1903,73.89399999999999,1434.1,19.0
1904,72.22800000000001,1458.2,19.0
1905,71.733,1443.5,19.0
1906,67.317,1435.0,19.0
1907,65.673,1451.9,19.0
1908,67.378,1440.6,19.0
1909,68.499,1455.8,19.0
1910,69.367,1469.5,19.0
1911,73.568,1456.2,19.0
1912,69.777,1458.6,19.0
1913,70.51,1435.2,19.0
1914,67.681,1440.4,19.0
1915,66.85300000000001,1456.9,19.0
1916,69.074,1439.4,19.0
1917,70.476,1453.7,19.0
1918,72.4,1442.8,19.0
1919,67.756,1450.4,19.0
1920,69.78699999999999,1442.6,19.0
1921,69.158,1446.9,19.0
1922,71.961,1442.9,19.0
1923,71.464,1465.2,19.0
1924,72.324,1451.2,19.0
1925,67.646,1444.1,19.0
1926,69.334,1447.0,19.0
1927,66.10300000000001,1452.7,19.0
1928,76.294,1452.4,19.0
1929,70.623,1465.9,19.0
1930,68.09100000000001,1429.9,19.0
1931,71.343,1446.1,19.0
1932,66.954,1452.3,19.0
1933,68.003,1470.1,19.0
1934,69.035,1441.2,19.0
1935,69.513,1455.9,19.0
1936,68.337,1448.0,19.0
1937,70.392,1451.5,19.0
1938,72.75399999999999,1434.1,19.0
1939,71.389,1443.1,19.0
1940,69.042,1439.4,19.0
1941,67.72800000000001,1458.4,19.0
1942,64.732,1453.1,19.0
1943,66.694,1442.1,19.0
1944,71.407,1462.0,19.0
1945,70.932,1441.0,19.0
1946,67.751,1454.6,19.0
1947,69.71600000000001,1442.2,19.0
1948,70.668,1450.8,19.0
1949,70.899,1453.1,19.0
1950,71.557,1461.0,19.0
1951,70.402,1449.0,19.0
1952,68.612,1449.7,19.0
1953,72.365,1463.6,19.0
1954,67.256,1449.4,19.0
1955,68.188,1448.0,19.0
1956,73.578,1438.5,19.0
1957,72.7,1435.7,19.0
1958,68.235,1446.5,19.0
1959,71.5,1444.3,19.0
1960,70.244,1434.9,19.0
1961,71.249,1452.8,19.0
1962,70.381,1436.2,19.0
1963,72.944,1440.1,19.0
1964,65.77199999999999,1459.5,19.0
1965,71.442,1454.4,19.0
1966,72.04899999999999,1437.8,19.0
1967,68.071,1466.5,19.0
1968,67.824,1446.6,19.0
1969,68.778,1441.6,19.0
1970,68.297,1467.4,19.0
1971,71.572,1463.6,19.0
1972,74.09,1445.8,19.0
1973,67.906,1444.1,19.0
1974,71.994,1453.9,19.0
1975,71.319,1453.9,19.0
1976,70.067,1433.3,19.0
1977,67.593,1454.4,19.0
1978,69.808,1451.9,19.0
1979,69.04,1440.6,19.0
1980,68.12100000000001,1462.8,19.0
1981,68.859,1446.3,19.0
1982,68.686,1458.1,19.0
1983,71.02,1457.0,19.0
1984,68.69,1441.4,19.0
1985,69.139,1452.8,19.0
1986,72.455,1425.1,19.0
1987,70.679,1453.0,19.0
1988,72.327,1455.2,19.0
1989,66.01,1446.5,19.0
1990,70.312,1457.7,19.0
1991,63.315,1455.2,19.0
1992,72.331,1462.5,19.0
1993,69.44,1454.2,19.0
1994,72.53699999999999,1461.6,19.0
1995,67.821,1453.0,19.0
1996,68.84100000000001,1445.6,19.0
1997,73.067,1441.9,19.0
1998,71.311,1452.1,19.0
1999,70.91,1446.8,19.0
